Collection,Number,Species,Ecomorph,Ground,Region,SVL,TL,HL,SL,HW,Humerus,Radius,Hand,Femur,Tibia,Foot,Finger.III.W,Toe.III.W
USNM,497948,ahli,Trunk Ground,Trunk Ground,Caribbean,51.8,80.3,14.4,6.4,8.8,8.5,8.2,9.4,12.5,14.7,19.8,1,1.1
USNM,497949,ahli,Trunk Ground,Trunk Ground,Caribbean,60.5,97.4,16.7,7.2,10.1,10.4,9.2,10.7,14.6,16.7,23.5,1.1,1.4
MCZ,178768,alayoni,Twig,Twig,Caribbean,44.4,42.87,13.65,6.67,7.47,4.85,5.25,6,7.22,8.14,11.26,0.93,1.11
USNM,314195,alfaroi,Grass Bush,Grass Bush,Caribbean,34.84,90.99,10.22,5.36,4.75,4.13,3.82,4.48,8.58,8.87,10.69,0.48,0.66
USNM,314278,aliniger,Trunk Crown,Trunk Crown,Caribbean,46.6,,14.2,6.9,8.5,7,6.9,7.6,8.9,10,14,1.1,1.3
MVZ,215932,aliniger,Trunk Crown,Trunk Crown,Caribbean,55.5,99,17,8,10,8.4,7.4,9.2,10.3,11.6,16.8,1.3,1.5
USNM,314273,aliniger,Trunk Crown,Trunk Crown,Caribbean,55.8,,16.8,8.1,10,7.6,7.7,8.3,9.9,12,15.7,1.4,1.6
MVZ,241226,allisoni,Trunk Crown,Trunk Crown,Caribbean,72.4,,23.87,11.92,12.19,9.55,9.17,11.06,13.38,14.76,19.14,1.89,2.23
MVZ,241225,allisoni,Trunk Crown,Trunk Crown,Caribbean,77.25,140.01,25.31,12.77,12.44,9.68,9.59,11.82,13.77,15.65,21.2,2.11,2.2
USNM,497966,allogus,Trunk Ground,Trunk Ground,Caribbean,59.51,92.69,16.38,6.83,10.18,9.63,9.62,10.23,14.67,16.36,21.23,1.06,1.27
MCZ,79368,altavelensis,Trunk,Trunk,Caribbean,51.8,78.26,13.75,6.29,8.65,8.08,8.27,8.46,10.78,12.16,15.69,1.21,1.54
MCZ,140111,alumina,Grass Bush,Grass Bush,Caribbean,38.82,93.81,10.67,5.09,5.32,4.83,4.77,5.43,9.39,9.93,13.96,0.56,0.68
USNM,497980,alutaceus,Grass Bush,Grass Bush,Caribbean,33.2,87.4,9.4,4.5,5,4.3,3.8,4.4,8.1,8.6,11.7,0.6,0.5
USNM,578742,amplisquamosus,Mainland,Mainland,Mainland,33.6,73.1,9.5,4.6,5.5,4.5,4.2,5.5,7.6,8,10.9,0.7,0.8
USNM,549357,amplisquamosus,Mainland,Mainland,Mainland,40,87,11.3,5.6,6.4,5.2,5,6.2,8.9,9.7,12.5,0.7,0.9
USNM,578741,amplisquamosus,Mainland,Mainland,Mainland,40.3,89.7,11,5.3,6.5,5.2,5.3,6.3,8.7,9.5,13.1,0.9,1
USNM,497993,angusticeps,Twig,Twig,Caribbean,41.6,53.1,12.9,6.1,5.9,5.1,4.6,5.2,6.3,7.6,9,0.8,0.9
USNM,497991,angusticeps,Twig,Twig,Caribbean,42.3,,12.7,6.1,6.2,5,4.3,5,5.8,7.2,9.1,0.8,1
USNM,505241,apletophallus,Mainland,Mainland,Mainland,43.6,88.9,11.7,5.2,6.9,6.1,6.3,8,11.1,12.5,16.8,0.7,1
USNM,505273,apletophallus,Mainland,Mainland,Mainland,44.5,93.4,11.7,5.3,6.8,6.1,6.6,7.4,10.9,13.4,15.4,0.8,1.1
USNM,219547,aquaticus,Mainland,Mainland,Mainland,59.7,101.4,14.6,6.2,8.7,8.7,10,10.4,16.1,17.5,20.3,1,1.1
USNM,219550,aquaticus,Mainland,Mainland,Mainland,63.5,,15.2,6.7,9,9.9,9.4,10.9,16.7,17.4,21.6,1,1.2
USNM,219551,aquaticus,Mainland,Mainland,Mainland,66.1,,16.1,6.6,10.2,9.3,10.9,11.8,17.6,18.5,22.6,1.1,1.4
USNM,219548,aquaticus,Mainland,Mainland,Mainland,68.1,124.5,16.6,7.1,10.3,10.5,11.3,11.4,16.4,19.3,22.7,1.1,1.2
CAS,39285,argenteolus,Unknown,Unknown,Caribbean,44.1,77,12.5,6.4,6.8,7.5,8.2,8.4,11.8,13.7,17.4,0.9,1.1
MVZ,241231,argenteolus,Unknown,Unknown,Caribbean,51.1,78.4,14,7.1,7.2,8.3,9.3,9.5,13.4,14.6,19.3,0.9,1.2
USNM,198559,armouri,Trunk Ground,Trunk Ground,Caribbean,60.5,105.47,19.71,8.87,12.94,9.53,9.19,10.79,13.63,15.82,21.79,1.53,1.65
USNM,566349,auratus,Mainland,Mainland,Mainland,43.3,110.5,10.7,5.1,6.2,5.8,6,5.8,8.3,10.1,15.1,0.6,0.6
MCZ,130950,auratus,Mainland,Mainland,Mainland,49.94,137.8,12.96,5.81,7.33,7.78,7.3,8.25,10.8,13.12,20.17,0.76,0.91
USNM,314285,bahorucoensis,Grass Bush,Grass Bush,Caribbean,44,103.21,14.8,7.6,7,5.5,6.2,6.5,10.7,11.4,16,0.7,0.9
USNM,328983,bahorucoensis,Grass Bush,Grass Bush,Caribbean,50.6,,16.4,8.9,8.1,7.4,7.4,8.7,12.3,15,19.2,1,1
USNM,329018,barahonae,Crown Giant,Crown Giant,Caribbean,130.1,248.9,37.3,18.2,20.4,19.3,19.6,20.8,27.9,29.6,41.9,2.5,3
USNM,259365,barahonae,Crown Giant,Crown Giant,Caribbean,150.34,,44.91,22.38,24.81,20.77,21.81,23.99,31.12,34.21,44.01,3.41,3.66
MVZ,241273,barbatus,Unknown,Unknown,Caribbean,142.88,135.67,41.77,22.41,23.71,18.33,18.18,20.66,21.9,23.45,32.81,3.01,3.07
MVZ,214244,barbouri,Unknown,Ground,Caribbean,37.6,84,10.3,4.3,5.9,5.6,5.4,6.3,8,9.2,13,0.6,0.6
MCZ,193428,barbouri,Unknown,Ground,Caribbean,40.05,91.81,10.91,5.09,6.42,6.09,5.26,7.01,9.19,9.23,13.05,0.58,0.68
MCZ,44767,bartschi,Unknown,Unknown,Caribbean,76.6,143.95,22.21,11.82,12.51,13.35,13.04,12.61,20.72,22.53,26.29,2.16,2.49
USNM,242056,beckeri,Mainland,Mainland,Mainland,53.2,75.1,13.5,6.9,8.6,6.1,6.7,7.6,9.2,10.5,13.3,1.1,1.2
MCZ,100976,benedikti,Mainland,Mainland,Mainland,49.19,74.74,13.03,5.87,8.48,6.24,6.93,7.71,12.28,12.95,18.35,0.9,1.05
USNM,531982,bicaorum,Mainland,Mainland,Mainland,61.41,126.74,16.1,7.83,9.76,10.04,10.21,10.69,17.9,19.19,22.5,1.04,1.23
USNM,565426,bicaorum,Mainland,Mainland,Mainland,72.63,,18.07,9.03,11.11,11.39,10.91,12.96,17.02,20.34,25.5,1.2,1.65
MCZ,22295,biporcatus,Mainland,Mainland,Mainland,85.82,188.59,22.9,11.04,14.71,11.52,12.06,13.94,18.63,19.6,26.33,1.51,1.84
MCZ,186145,biporcatus,Mainland,Mainland,Mainland,92.17,,23.35,10.99,14.49,12.42,12.25,14.38,18.91,19.53,27.84,1.74,2.01
MCZ,96802,bombiceps,Mainland,Ground,Mainland,60.76,113.11,13.59,5.75,8.55,10.55,11.01,11.73,18.55,19.22,23.65,0.88,1.11
USNM,46986,boulengerianus,Mainland,Mainland,Mainland,56.15,94.74,13.62,6.74,8.6,7.88,9.12,9.16,13.97,14.74,18.78,0.85,1.27
MCZ,98286,brasiliensis,Mainland,Ground,Mainland,58.32,136.55,14.34,5.98,9.54,9.42,9.87,10.87,14.96,17.51,22.8,1.05,1.13
MCZ,98287,brasiliensis,Mainland,Ground,Mainland,60.25,150.45,15.18,6.48,10.1,10.45,10.05,10.89,15.31,17.27,24.3,1.05,1.15
MVZ,241234,bremeri,Trunk Ground,Trunk Ground,Caribbean,56.22,113.74,13.9,6.19,8.55,7.51,8.16,9.73,12.75,13.54,19.24,1.19,1.59
CAS,111466,brevirostris,Trunk,Trunk,Caribbean,43.5,70.4,11.5,5.6,7.8,6.9,8.3,8.3,10.4,11.9,14.2,0.9,1.1
USNM,260256,brevirostris,Trunk,Trunk,Caribbean,45.7,,13,5.9,8.1,7.7,8.5,8.3,10.8,13,14.8,1.1,1.3
CAS,111480,brevirostris,Trunk,Trunk,Caribbean,49.1,76.1,12.9,6,8.2,7.6,8.6,7.7,11.1,12.5,15.4,1,1.3
USNM,260254,brevirostris,Trunk,Trunk,Caribbean,49.3,,12.9,5.8,8.7,8.4,9.2,9.4,10.6,13.3,15.1,1.1,1.2
MVZ,263983,campbelli,Mainland,Mainland,Mainland,38.61,77.1,10.76,4.63,6.27,5.87,5.67,7.49,11.03,11.69,14.91,0.76,0.86
USNM,219553,capito,Mainland,Mainland,Mainland,83.1,153.5,20.8,9.1,14,12.7,14,16,24.3,27.2,33.6,1.4,1.5
USNM,77082,caudalis,Trunk,Trunk,Caribbean,44.1,,12.1,5.5,7.9,7,7.1,7.6,9,11.5,12.7,0.8,1
USNM,77080,caudalis,Trunk,Trunk,Caribbean,45.4,80.2,12.6,5.6,8.3,7.5,8.4,8,10.6,12.6,14.2,0.9,1.1
USNM,51891,chamaeleonides,Unknown,Unknown,Caribbean,163.84,172.6,54.63,28.24,30.31,21.57,24.32,26.18,25.76,29.09,39.2,3.87,4.17
USNM,219557,charlesmyersi,Mainland,Mainland,Mainland,60.9,75.8,15.8,7.6,9.4,7,7.8,8.7,9.2,12.2,15.5,1.3,1.4
USNM,260269,chlorocyanus,Trunk Crown,Trunk Crown,Caribbean,66,,18.6,8.9,10.7,9.5,8.9,9.3,11.5,14,19.7,1.6,1.9
USNM,260268,chlorocyanus,Trunk Crown,Trunk Crown,Caribbean,69.5,,19.5,9.9,11.6,9.7,9.6,9.9,12.5,14.3,19.3,1.9,2.1
USNM,260267,chlorocyanus,Trunk Crown,Trunk Crown,Caribbean,72,148.3,19.9,10.1,11.9,9.9,9.5,10.9,13,14.2,20.5,1.7,2
MVZ,214386,christophei,Unknown,Unknown,Caribbean,46.78,,12.97,6.26,7.77,8.1,7.83,9.53,11.06,12.75,17.88,0.77,1.04
MVZ,214383,christophei,Unknown,Unknown,Caribbean,48.12,89.5,12.68,6.23,7.42,8.42,7.67,9.25,10.96,12.68,17.86,0.8,0.92
MVZ,214389,christophei,Unknown,Unknown,Caribbean,49.54,,14.53,6.7,8.35,7.9,8.38,10.09,11.86,12.76,18.36,0.97,1.1
USNM,566353,chrysolepis,Mainland,Ground,Mainland,57.3,127.9,14.3,6.2,9,10.3,10.4,9.7,15.1,17.9,22.4,0.9,0.8
MVZ,160636,cobanensis,Mainland,Mainland,Mainland,46.8,108.83,12.62,5.68,7.76,7.02,7.22,8.58,13.94,14.38,20.37,0.96,1.19
MVZ,160531,cobanensis,Mainland,Mainland,Mainland,51.99,,14.31,6.19,8.77,8.01,8.25,10.72,13.25,15.63,21.32,1.07,1.1
MCZ,124699,coelestinus,Trunk Crown,Trunk Crown,Caribbean,76.12,167.8,22,11.33,13.83,12.32,10.09,11.46,15.87,16.99,22.45,2.01,2.31
MCZ,142958,concolor,Mainland,Mainland,Mainland,67.96,140.43,18.14,8.42,9.97,10.71,10.77,11.69,15.94,18.9,22.49,1.29,1.61
USNM,549587,conspersus,Trunk Ground,Trunk Ground,Caribbean,63.6,,18.2,8.5,10.7,10.1,9.3,10.7,14.3,15.2,20.4,1.2,1.7
USNM,549585,conspersus,Trunk Ground,Trunk Ground,Caribbean,64.8,114.5,18.9,9.2,11.1,10.6,9.7,11.4,14.7,16.6,22.1,1.5,1.7
USNM,549586,conspersus,Trunk Ground,Trunk Ground,Caribbean,67.7,,19.7,9.3,11.2,11.5,10.9,11.8,15.7,17.6,23.4,1.4,1.7
USNM,549584,conspersus,Trunk Ground,Trunk Ground,Caribbean,73.3,111.4,20.7,9.9,12.5,12.3,10.8,12,16.2,18.4,23.6,1.4,1.8
CAS,175492,cooki,Trunk Ground,Trunk Ground,Caribbean,53.3,107.6,15.3,7.3,9.3,8.6,8.2,8.9,12.7,14.5,19.8,1.1,1.4
CAS,198423,cooki,Trunk Ground,Trunk Ground,Caribbean,55,111.9,15.9,7.3,9.4,8.7,8.6,8,13.1,15,19.7,1.2,1.5
USNM,221458,cristatellus,Trunk Ground,Trunk Ground,Caribbean,64.6,116.4,17.9,8.7,11.3,9.8,10.2,11,16,18.5,24.2,1.5,1.8
USNM,221459,cristatellus,Trunk Ground,Trunk Ground,Caribbean,65.1,,18.8,8.7,11.8,9.9,9.2,11.3,16.5,18.1,22.1,1.7,1.6
USNM,298128,cryptolimifrons,Mainland,Mainland,Mainland,40.6,85.4,10.8,4.8,6.2,4.9,5.2,5.8,10.5,11.6,14,0.6,0.9
USNM,298126,cryptolimifrons,Mainland,Mainland,Mainland,41,88,11.1,5.6,6.4,6,5.7,6.8,10.6,11.6,14.5,0.7,0.9
USNM,297929,cryptolimifrons,Mainland,Mainland,Mainland,41.2,88.4,10.9,5.2,6.5,6.7,6.4,6.8,10.5,12.9,15.9,0.6,0.8
USNM,297927,cryptolimifrons,Mainland,Mainland,Mainland,45.2,97.6,12.1,5.3,6.9,6.3,6.3,7.2,11.4,12.4,15.5,0.7,1
MCZ,160653,cupeyalensis,Grass Bush,Grass Bush,Caribbean,30.88,99.2,8.65,4.12,4.39,3.69,2.84,2.8,5.54,7.45,9.89,0.37,0.53
USNM,80900,cupreus,Mainland,Mainland,Mainland,41.3,81.2,10.5,4.6,6.5,5,6,6.7,8.8,11.3,14.3,0.6,0.8
MVZ,264341,cuvieri,Crown Giant,Crown Giant,Caribbean,123.6,,38,17.3,21,20.5,17.6,20.7,27.3,30.2,38.7,3.2,3.4
MVZ,264496,cuvieri,Crown Giant,Crown Giant,Caribbean,131.6,274.5,39.3,17.9,22.4,21.8,19.6,23.1,32.2,32.7,45.3,3.4,3.5
MVZ,257394,cuvieri,Crown Giant,Crown Giant,Caribbean,134.4,,39.6,19.2,23.5,22.1,20.5,22.6,34.8,32.6,42.8,3.5,3.8
MCZ,38251,darlingtoni,Twig,Twig,Caribbean,73.76,89,23.48,13.01,11.27,8.4,8.72,10.49,12.79,12.57,18.95,1.18,1.31
USNM,220977,desechensis,Trunk Ground,Trunk Ground,Caribbean,60.44,121.91,18.25,8.85,10.95,9.58,9.55,11.18,14.85,17.35,22.73,1.44,1.74
USNM,314350,distichus,Trunk,Trunk,Caribbean,52.2,74.4,14,6.1,8.6,8.7,9,8.6,11.1,13.4,17.2,1.2,1.4
USNM,329166,dolichocephalus,Grass Bush,Grass Bush,Caribbean,49.24,137.48,16.74,9.76,7.18,6.27,6.35,6.52,11.19,13.04,18.43,0.72,1.03
USNM,35674,dollfusianus,Mainland,Mainland,Mainland,36,,9.8,4.8,5.7,4.9,5.5,5.7,8.5,9.5,12.5,0.6,0.7
CAS,67643,dollfusianus,Mainland,Mainland,Mainland,37.7,75.3,10.3,4.7,6.3,5.3,5.3,6.4,8.9,10.9,13.8,,
USNM,47753,dunni,Mainland,Mainland,Mainland,51.9,104.1,14.6,6.4,8.9,7.5,7.3,9.2,11.6,13.6,18,1.2,1.2
MCZ,78720,dunni,Mainland,Mainland,Mainland,55.69,106.83,13.55,6.35,8.88,8.59,7.78,8.35,12.2,13.92,17.61,1.1,1.12
CAS,14608,equestris,Crown Giant,Crown Giant,Caribbean,145.9,,46.2,24.5,27.3,21.4,23.9,23.2,30.8,35,45.2,4,4.8
CAS,14609,equestris,Crown Giant,Crown Giant,Caribbean,152.9,306.5,48.1,26.1,27.1,22.3,24.5,22.3,31.1,36.6,45.1,3.7,4.6
MCZ,158396,ernestwilliamsi,Trunk Ground,Trunk Ground,Caribbean,78.18,127.89,22.77,11.13,14.06,11.83,12.65,13.52,18.11,22.81,27,1.84,2.14
USNM,260520,etheridgei,Unknown,Unknown,Caribbean,40.5,,11.7,5.3,7.3,6.3,6.4,7,11.6,13.1,16.6,0.8,0.9
USNM,260519,etheridgei,Unknown,Unknown,Caribbean,40.6,80.7,11.2,5.2,7,6.8,6.5,7.5,13,13.5,17.9,0.7,0.9
USNM,329223,eugenegrahami,Unknown,Unknown,Caribbean,68.3,132.61,16.53,7.47,9.32,12.5,11.13,12.83,19.4,19.82,27.03,1.46,2.05
USNM,286901,eugenegrahami,Unknown,Unknown,Caribbean,73.59,,18,7.88,10.03,12.67,12.92,13.66,19.13,20.39,28.81,1.79,2.05
USNM,27237,evermanni,Trunk Crown,Trunk Crown,Caribbean,57.4,98.6,16,7.5,9.9,8.4,8,10.2,12.3,14.7,19.4,1.2,1.4
USNM,58481,evermanni,Trunk Crown,Trunk Crown,Caribbean,60,109,17.3,8.8,10.8,8.6,9.2,10.7,13.5,15.1,20.4,1.4,1.7
USNM,27238,evermanni,Trunk Crown,Trunk Crown,Caribbean,62,111.9,18,9.1,10.7,9.3,10.2,11.9,13.3,15.7,22.2,1.7,1.8
USNM,234630,fuscoauratus,Mainland,Mainland,Mainland,40.8,81,10.1,5,5.4,4.5,5.5,6.2,8.5,10.3,13.4,0.5,0.7
CAS,143036,gadovii,Mainland,Mainland,Mainland,66.9,125.4,16.6,7.7,10.3,11.3,12.3,11.9,17.2,18.9,24.6,1.3,1.4
CAS,143034,gadovii,Mainland,Mainland,Mainland,71.7,,18.3,8.1,11.7,11.8,12,11.9,18.4,18.8,25.8,1.4,1.7
CAS,143035,gadovii,Mainland,Mainland,Mainland,72.9,135.8,17.5,8.3,10.9,11.5,13,11.7,18.7,18.7,24.3,1.4,1.5
MCZ,171295,gaigei,Mainland,Mainland,Mainland,44.51,102.81,11.53,5.02,6.74,6.71,6.64,7.79,10.84,13.54,17.5,0.58,0.82
USNM,54225,gaigei,Mainland,Mainland,Mainland,47.9,106.2,13.3,6.3,8,7.1,7.4,8.3,10.3,14.5,18.5,0.7,0.9
USNM,108063,garmani,Crown Giant,Crown Giant,Caribbean,96.7,204.6,29.3,15,17.2,14.9,16.6,15,22.2,24.5,32.8,2.1,2.8
USNM,337569,garmani,Crown Giant,Crown Giant,Caribbean,114.4,235.3,32.2,15.9,18.7,17.1,16.6,17.1,21.6,26,33.5,2.8,3.7
USNM,498013,garridoi,Twig,Twig,Caribbean,36.19,36.39,10.34,5.26,4.94,4.32,4.04,4.38,5.43,5.89,7.98,0.7,0.79
USNM,234686,gracilipes,Mainland,Mainland,Mainland,53.6,113.7,13.4,6.1,8.2,7.8,9.4,9,15.4,16.8,21,0.7,0.8
USNM,285678,gracilipes,Mainland,Mainland,Mainland,56.4,104.5,13.9,6.2,7.9,8.4,9,10.6,15.3,16.7,21.1,0.8,1
USNM,285677,gracilipes,Mainland,Mainland,Mainland,56.9,106.1,14.2,6.2,8.1,8.2,9.2,9.8,16.5,17.2,21,0.8,0.9
USNM,108067,grahami,Trunk Crown,Trunk Crown,Caribbean,60.7,109.1,18,8.9,10.2,7.5,9.9,10.4,13.3,15.2,19.6,1.5,1.8
USNM,337577,grahami,Trunk Crown,Trunk Crown,Caribbean,70.1,122.4,21.4,9.7,12.1,10.3,10.5,11.8,13.8,17.5,22.4,1.8,2.1
USNM,234711,granuliceps,Mainland,Mainland,Mainland,32.6,,8.9,3.9,5.4,4.9,4.7,5.6,8.9,10.1,13,0.5,0.6
USNM,234702,granuliceps,Mainland,Mainland,Mainland,36.8,,9.5,4,5.9,5.6,5.7,7,10.5,12.2,14.7,0.5,0.7
MCZ,87247,granuliceps,Mainland,Mainland,Mainland,40.28,76.34,10.24,3.99,6.25,5.96,6.18,6.77,11.94,12.76,17,0.68,0.66
USNM,327121,gundlachi,Trunk Ground,Trunk Ground,Caribbean,72.9,148.5,21.5,9.8,13.2,10.8,11.6,14.2,17.9,22,28.6,1.5,1.9
USNM,327124,gundlachi,Trunk Ground,Trunk Ground,Caribbean,75.6,,22.3,9.8,12.4,11.4,11.6,13.6,18.8,21.9,28,1.4,1.7
USNM,72629,hendersoni,Grass Bush,Grass Bush,Caribbean,39.13,90.78,13.34,7.15,5.88,4.65,4.74,5.77,9.75,11.15,15.52,0.53,0.68
USNM,573130,heteropholidotus,Mainland,Mainland,Mainland,40.8,79.5,11.8,5.6,7.6,6.1,5.8,6.4,9,10.3,14,0.8,1
USNM,260381,hispaniolae,Trunk Ground,Trunk Ground,Caribbean,70.8,132.5,21.1,9.6,12.4,11.2,11.8,12.8,17.1,20.3,26.3,1.4,1.6
MVZ,272282,hobartsmithi,Mainland,Mainland,Mainland,50.45,116.94,13.8,6.12,8.19,7.32,7.26,9.53,13.53,14.14,20.8,0.97,1.2
USNM,498019,homolechis,Trunk Ground,Trunk Ground,Caribbean,54.81,84.2,15.52,7.13,9.81,9.31,8.12,9.99,12.55,14.66,19.89,1.02,1.27
USNM,339732,humilis,Mainland,Ground,Mainland,32.2,,9,4.2,5.3,4.7,5.2,5,8.1,9.3,11.9,0.4,0.6
CAS,178139,humilis,Mainland,Ground,Mainland,37.4,64.6,10.3,4.7,6.4,5.4,5.7,6.4,8.5,10.5,13,0.6,0.8
MVZ,214384,insolitus,Twig,Twig,Caribbean,41.24,50.02,11.86,6.44,5.16,4.13,4.43,5.08,6.97,7.29,9.07,0.72,0.81
MVZ,214382,insolitus,Twig,Twig,Caribbean,42.63,51.94,12,6.71,5.76,4.41,4.83,4.99,7.13,7.57,10.22,0.76,0.85
USNM,589700,isolepis,Unknown,Unknown,Caribbean,40.37,45.85,13.26,6.63,7.23,5.32,5.07,4.79,6.49,7.23,9.7,0.83,0.97
MCZ,160654,juangundlanchi,Grass Bush,Grass Bush,Caribbean,35.03,97.33,9.71,4.84,4.55,4.17,3.9,4.22,7.25,8.26,11.24,0.46,0.62
USNM,589711,jubar,Trunk Ground,Trunk Ground,Caribbean,60.26,99.22,15.41,6.77,9.75,8.97,8.47,10.05,12.76,15.58,19.57,1.31,1.37
MCZ,46247,kemptoni,Mainland,Mainland,Mainland,47.2,97.55,12.61,6.13,6.87,5.48,6.52,6.91,8.65,10.09,15.15,0.92,1.07
CAS,178129,kemptoni,Mainland,Mainland,Mainland,50.3,97.4,14.3,7.1,7.3,6.8,6.8,7.3,11.3,11.5,15.3,1.1,1.2
MCZ,62541,koopmani,Grass Bush,Grass Bush,Caribbean,33.8,78.26,10.71,5.2,5.22,4.5,4.86,4.72,8.36,9.34,13.16,0.5,0.65
USNM,578747,kreutzi,Mainland,Mainland,Mainland,37.4,54,10.5,4.6,6.6,4.7,4.9,6.3,7.1,8.2,11.6,0.7,1
USNM,321890,krugi,Grass Bush,Grass Bush,Caribbean,50.4,117.9,14.9,6.8,8.7,7.4,7,7.6,11.3,13.1,17.3,0.8,1.2
USNM,221154,krugi,Grass Bush,Grass Bush,Caribbean,52.3,,15.8,7,9.2,7.5,7.1,8.2,12,14.4,19.6,1.1,1.4
USNM,565448,laeviventris,Mainland,Mainland,Mainland,41.5,74.4,11,4.9,7.1,5,5.3,6.8,7.3,8.6,12,0.9,1.1
USNM,326145,lemurinus,Mainland,Mainland,Mainland,48.3,103.6,12.8,5.4,8.2,8.2,7.5,8.9,12.2,13.8,19.6,0.9,1
USNM,326142,lemurinus,Mainland,Mainland,Mainland,51.9,119.9,13.7,6.2,8.6,8.6,7.8,9.5,13.2,15.5,20.4,0.9,1
USNM,244558,lineatopus,Trunk Ground,Trunk Ground,Caribbean,54.2,96.2,16.3,7.7,8.9,9.3,8.5,8.5,12.4,14,20.2,0.9,1.1
USNM,244557,lineatopus,Trunk Ground,Trunk Ground,Caribbean,65,100.8,19.5,9.6,11,10,9.5,10.8,14.6,17.2,23.1,1.2,1.6
USNM,337589,lineatopus,Trunk Ground,Trunk Ground,Caribbean,65.7,136.9,19.2,8.7,10.6,10.2,9.7,10.1,14.4,17.9,22.8,1.2,1.6
USNM,337588,lineatopus,Trunk Ground,Trunk Ground,Caribbean,66.3,133.8,20.9,9.7,10.8,10.2,10.1,9.5,14.9,17.9,22.2,1.1,1.6
USNM,266295,lineatus,Mainland,Mainland,Mainland,72.3,144.4,17.9,8.2,10,10.1,10.4,10.6,15.3,18.9,22.2,1.1,1.5
USNM,266293,lineatus,Mainland,Mainland,Mainland,86,130.5,22.6,10,12.7,13.8,15.3,13.4,19.1,24.4,27.6,1.5,1.9
USNM,304814,liogaster,Mainland,Mainland,Mainland,53.7,108.1,15.3,6.9,10,7.3,7.7,9.9,13,13.8,19.1,1.3,1.6
USNM,589683,litoralis,Unknown,Unknown,Caribbean,38.93,80.69,10.87,4.71,6.77,5.18,5.19,5.29,6.63,7.5,11.02,0.76,0.95
USNM,549615,longiceps,Trunk Crown,Trunk Crown,Caribbean,72.07,157.67,22.9,12.84,11.09,10.55,10.06,9.68,14.18,16.45,21,1.76,2.17
USNM,314386,longitibialis,Unknown,Unknown,Caribbean,67.13,146.35,20.66,9.36,12.24,11.85,12.53,10.93,17.98,19.64,23.93,1.54,1.8
USNM,314383,longitibialis,Unknown,Unknown,Caribbean,69.83,133,20.69,9.23,12.42,13.38,13.52,12.13,18.35,20.52,24.38,1.59,1.81
USNM,314375,longitibialis,Unknown,Unknown,Caribbean,70.55,138.46,21.8,9.97,13.06,13.13,14.49,12.63,20.83,22.1,26.9,1.44,1.85
USNM,314382,longitibialis,Unknown,Unknown,Caribbean,70.93,,22.09,9.95,13.32,13.26,13.88,12.47,20.09,21.7,25.52,1.53,1.84
USNM,578758,loveridgei,Mainland,Mainland,Mainland,116.8,237,33.9,16.2,20.5,15,17.7,23.9,28.1,31.5,43.4,2.6,2.9
USNM,498028,loysianus,Trunk,Trunk,Caribbean,38.23,48.76,10.8,4.79,6.6,5.99,5.76,6.55,7.22,7.79,11.31,0.84,
MCZ,74036,loysianus,Trunk,Trunk,Caribbean,39.33,,11.88,5.11,6.96,5.56,6.13,6.78,7.59,7.9,11.65,0.95,1.02
CAS,39300,lucius,Unknown,Unknown,Caribbean,52.9,104.5,15.2,7.2,9.6,8,8.8,9.9,11.8,16.1,20.3,1.4,1.6
USNM,498031,lucius,Unknown,Unknown,Caribbean,62.65,131.13,17.25,7.89,10.56,10.23,11.55,11.82,16.85,17.87,22.19,1.75,2.08
USNM,498034,lucius,Unknown,Unknown,Caribbean,63.93,132.12,17.26,7.78,10.51,11.65,11.88,10.93,16.83,18.19,21.79,1.64,2.04
USNM,498036,lucius,Unknown,Unknown,Caribbean,65.16,130.23,17.14,7.72,9.97,10.68,11.59,11.95,17.46,17.94,22.04,1.76,2.13
USNM,498045,luteogularis,Crown Giant,Crown Giant,Caribbean,178.9,318.7,49.6,26.5,30.7,24.4,23.8,26.1,31.1,37.2,47.8,4.4,5.6
USNM,541954,lynchi,Mainland,Mainland,Mainland,43.4,85,10.9,5.2,7.2,6.9,6.3,8.8,12.7,13.6,17.9,0.7,1
USNM,541956,lynchi,Mainland,Mainland,Mainland,46.9,94.5,11.9,5.2,7.3,7.3,7.2,8.8,12.6,14.7,19.4,1,1.2
USNM,285809,lyra,Mainland,Mainland,Mainland,58.93,,15.43,7.08,10,8.13,8.08,11.27,13.58,15.85,22.29,1.26,1.47
USNM,285445,lyra,Mainland,Mainland,Mainland,59.95,,15.6,6.53,9.6,8.64,8.37,10.99,13.95,16.53,22.85,1.38,1.72
MCZ,145867,lyra,Mainland,Mainland,Mainland,62.45,147.7,15.19,6.29,,9.26,9.42,11.24,16.23,17.35,24.88,1.31,1.63
MCZ,133000,macrolepis,Mainland,Mainland,Mainland,61.06,102.56,14.49,6.31,8.7,9.46,9.62,11.08,15.94,17.06,21.54,1.03,1.36
USNM,234616,maculiventris,Mainland,Mainland,Mainland,40.1,64.3,10.5,4.7,5.4,4.8,5.6,6.4,9.8,10.8,14,0.6,0.7
MCZ,184540,magnaphallus,Mainland,Mainland,Mainland,47.23,82.47,12.3,5.66,7.77,6.84,6.75,9.26,11.63,13.08,18.87,0.85,0.98
USNM,549625,marcanoi,Trunk Ground,Trunk Ground,Caribbean,59.13,117.17,19.29,9.15,11.38,9.77,10.01,10.34,15.42,16.64,22.06,1.1,1.28
MCZ,156631,mariarum,Mainland,Mainland,Mainland,46.61,93.65,11.95,5.38,6.86,6.13,6.66,7.3,10.67,11.23,14.54,0.93,1.11
MCZ,175784,mariarum,Mainland,Mainland,Mainland,52.9,115.64,14.61,7.17,8.72,6.39,6.78,7.77,11.48,12.84,16.52,1.08,1.32
MCZ,124735,marron,Trunk,Trunk,Caribbean,47.19,76.54,12.96,6.4,8.64,6.4,8.28,8.67,11.6,13.42,13.75,1.1,1.31
MVZ,256807,matudai,Mainland,Mainland,Mainland,56.28,109.13,15.12,6.58,9.46,8.48,7.84,9.18,13.25,14.58,19.74,1.11,1.27
MVZ,217367,maynardi,Trunk Crown,Trunk Crown,Caribbean,54.26,113.99,16.06,8.47,7.63,7.04,7.04,7.6,10.01,12.1,16.18,1.01,1.39
MVZ,217368,maynardi,Trunk Crown,Trunk Crown,Caribbean,59.92,116.6,18.33,9.61,8.98,8.19,8.28,8.32,11.38,13.62,17.52,1.22,1.56
USNM,565478,mccraniei,Mainland,Mainland,Mainland,50.4,86.2,12.9,5.7,8.8,6.8,7.6,8.3,10.9,14.6,19.8,0.8,1
MCZ,168521,medemi,Mainland,Mainland,Mainland,45.03,85.2,10.86,5.36,5.84,6.91,6.77,7.4,11.35,12.05,15.83,0.7,0.69
MCZ,78716,megapholidotus,Mainland,Mainland,Mainland,37.4,67.62,10.43,4.82,6.25,4.99,5.48,5.21,8.15,9.36,12.24,0.59,0.74
MCZ,79125,meridionalis,Mainland,Mainland,Mainland,43.09,86.5,10.44,4.63,6.41,5.66,5.61,6.5,7.45,10.33,14.78,0.6,0.61
USNM,498057,mestrei,Trunk Ground,Trunk Ground,Caribbean,58.2,107.15,15.94,7.01,9.33,9.41,9.35,9.76,13.53,16.06,20.5,1.18,1.43
MCZ,33697,microlepidotus,Mainland,Mainland,Mainland,39.27,70.61,10.79,4.57,7.61,5.13,4.78,5.34,7.82,8.73,12.12,0.82,0.87
USNM,120957,milleri,Mainland,Mainland,Mainland,54.5,101.5,16.1,7.9,9.3,7.8,8.5,10,15.1,15.6,19,0.9,0.9
USNM,212288,monensis,Trunk Ground,Trunk Ground,Caribbean,55,98.27,16.26,7.79,9.98,9.23,8.78,9.95,13.2,15.81,18.98,1.2,1.42
USNM,329235,monticola,Unknown,Unknown,Caribbean,35.55,86.94,10.39,4.73,5.73,5.19,6.22,6.07,10.54,10.77,15.09,0.69,0.79
MCZ,127719,monticola,Unknown,Unknown,Caribbean,41.18,,11.52,6.02,6.48,6.08,6.46,7.11,10.95,12.82,17.89,0.62,0.78
USNM,578764,morazani,Mainland,Mainland,Mainland,46.79,126.25,13.52,6.88,8.68,7.37,6.77,9.01,10.59,13.5,17.44,0.92,1.08
MCZ,185614,morazani,Mainland,Mainland,Mainland,45.99,119.02,13.2,5.96,8.16,6.17,6.73,8.41,11.32,12.75,17.4,0.83,0.95
USNM,581187,morazani,Mainland,Mainland,Mainland,46.41,,12.94,5.96,7.79,6.34,7.19,8,11.44,12.45,16.47,0.87,0.95
USNM,521918,muralla,Mainland,Mainland,Mainland,46.12,107.77,12.88,6.06,8.17,5.9,5.85,7.3,9.51,11.04,15.33,0.97,1.08
USNM,237722,nebulosus,Mainland,Mainland,Mainland,50,88.7,13.1,6.1,7.9,7,7.5,8.4,10.7,13,15.9,0.9,1.2
MCZ,59326,noblei,Crown Giant,Crown Giant,Caribbean,160.21,343.5,53.99,30.35,33.9,22.75,23.29,25.43,33.89,37.95,45.75,4.13,5.61
MCZ,100355,notopholis,Mainland,Mainland,Mainland,47.59,106.97,13.15,5.71,7.98,7.2,7.56,8.93,14.13,14.82,19.78,0.8,0.84
MCZ,83662,occultus,Twig,Twig,Caribbean,35.56,34.75,9.92,5.4,4.62,3.31,2.97,3.12,4.3,4.61,6.43,0.52,0.65
USNM,314396,olssoni,Grass Bush,Grass Bush,Caribbean,41.9,121.7,10.9,4.8,5.6,5.4,5.4,5.5,9.2,10.7,14.9,0.7,0.8
USNM,314395,olssoni,Grass Bush,Grass Bush,Caribbean,46.3,136.3,12,5.6,5.8,6.4,5.6,6.2,9.7,11.1,17.1,0.6,0.9
MVZ,106305,omiltemanus,Mainland,Mainland,Mainland,43.6,71.3,12.1,5.9,7.4,4.9,5.3,6.5,8.1,8.8,12.1,1,1.2
USNM,216908,onca,Mainland,Mainland,Mainland,67.3,,18.7,8,11.7,10.9,11.5,12.7,15.3,18.4,25.9,1,0.7
USNM,107321,onca,Mainland,Mainland,Mainland,93.8,170.4,25.1,11.1,15.1,13.5,16.5,15,18.5,22.5,30,1.3,1.1
USNM,252190,opalinus,Trunk Crown,Trunk Crown,Caribbean,51.2,100,15.2,7.5,9,8.6,8.1,9,10.4,12.3,17.6,1.2,1.4
USNM,252191,opalinus,Trunk Crown,Trunk Crown,Caribbean,54,102.5,15.7,7.4,9.3,8.6,8.1,9.4,10.6,13.5,18.3,1.4,1.7
USNM,515913,ophiolepis,Grass Bush,Grass Bush,Caribbean,36.1,88.8,9.4,3.8,5.2,5,4.5,4.9,6.5,7.9,12,0.5,0.6
USNM,234656,ortonii,Mainland,Mainland,Mainland,42.6,71.9,11.4,5.8,7.1,6,6.8,7.5,8.7,9.3,14,0.9,1.1
USNM,219564,osa,Mainland,Mainland,Mainland,48,,12.3,6.1,7,7.2,7.6,8,13,14.1,17.2,0.7,1
USNM,219565,osa,Mainland,Mainland,Mainland,50.7,100,12.9,6,7.3,7.2,8,8.1,13.7,15,17.6,0.8,1
USNM,219563,osa,Mainland,Mainland,Mainland,51.2,108.1,13.5,6,7.8,8.4,8.8,8.3,12.6,14.8,18.2,0.8,1.1
USNM,219562,osa,Mainland,Mainland,Mainland,52.9,,13.6,6.5,7.5,8.3,8,8,13,14.8,17.9,0.8,1.1
USNM,518297,oxylophus,Mainland,Mainland,Mainland,61.59,107.11,15.03,7.09,9.22,8.88,9.21,9.59,16.24,16.64,21.28,1.02,1.12
MCZ,78935,parvauritus,Mainland,Mainland,Mainland,79.58,187.3,19.78,9.26,13.13,10.66,10.29,14.62,17.54,18.96,26.68,1.52,1.61
USNM,20610,parvauritus,Mainland,Mainland,Mainland,85.81,,22.41,10.18,14.03,10.43,10.74,13.71,17.17,19.22,26.62,1.71,2.06
USNM,142164,paternus,Twig,Twig,Caribbean,41.3,,12.5,6.4,6.7,4.9,5.4,5.6,6.7,8.7,11.5,0.8,0.9
USNM,142159,paternus,Twig,Twig,Caribbean,42.2,,12,6.5,6.6,5.1,5.5,5.6,6.3,8.6,12.2,0.9,1
USNM,142157,paternus,Twig,Twig,Caribbean,43,76,13.2,6.5,6.9,5,5.6,5.5,6.9,8.6,12.5,0.9,1
USNM,142164,paternus,Twig,Twig,Caribbean,43.4,,12.7,6.9,6.4,4.7,5.5,5.9,7.5,8.5,11.8,0.7,0.9
USNM,298136,pentaprion,Mainland,Mainland,Mainland,54,76.1,14.8,7.1,9.1,7.2,7.3,8.5,9.2,10.2,14.5,1.1,1.1
USNM,142284,pentaprion,Mainland,Mainland,Mainland,55.2,71.3,15,7.3,9.2,7.3,7.4,8.2,9.2,11.1,15,1.1,1.3
CAS,169849,petersii,Mainland,Mainland,Mainland,95.1,260.2,24.7,12.4,15.4,11.9,12.5,15.5,20.4,21.5,29.3,2.1,2.5
USNM,322875,pijolense,Mainland,Mainland,Mainland,52.28,89.33,14.82,6.7,9.05,8.32,8.22,10.59,13.71,14.82,20.65,1.02,1.15
USNM,322871,pijolense,Mainland,Mainland,Mainland,53.42,101.85,15.15,6.57,9.63,8.3,8.48,9.57,12.96,15.1,19.96,1.25,1.41
MCZ,110542,pinchoti,Mainland,Mainland,Mainland,47.95,84.01,13.28,6.46,7.76,6.2,7.33,7.31,11.05,12.6,17.55,0.98,1.14
MCZ,173208,placidus,Twig,Twig,Caribbean,43.78,44.44,12.17,6.45,5.54,4.58,4.82,4.26,5.95,6.23,7.82,0.64,0.68
USNM,562620,planiceps,Mainland,Ground,Mainland,53.5,114.7,13.8,5.7,8.2,8.9,10.4,10.1,15.6,17.8,22.4,0.8,0.8
USNM,562621,planiceps,Mainland,Ground,Mainland,54.8,115.6,14.2,6.3,9.1,9,10.3,9.8,16.6,18.7,21.9,0.8,0.9
USNM,562622,planiceps,Mainland,Ground,Mainland,62.2,130.4,16.1,7.5,10.1,9,10.8,11.7,17.1,19.6,25,0.9,1.1
USNM,50149,poecilopus,Mainland,Mainland,Mainland,57.18,,21.61,6.51,8.78,7.4,9.32,11.41,13.51,18.49,19.53,1.12,1.3
MCZ,164393,poecilopus,Mainland,Mainland,Mainland,60.73,107.11,15.01,6.3,8.95,7.66,9.04,10.34,16.18,17.07,20.77,1.07,1.41
USNM,148507,poecilopus,Mainland,Mainland,Mainland,61.17,,23.71,6.68,9.06,7.42,9.45,10.81,15.46,17.24,20.22,1,1.24
MCZ,127052,pogus,Unknown,Unknown,Caribbean,42.94,112.97,12.95,6.24,6.84,7.08,6.22,7.63,9.5,12.62,16.85,0.73,0.96
USNM,498074,porcatus,Trunk Crown,Trunk Crown,Caribbean,65,128.5,21.6,11.1,10.8,8.8,8.3,8.8,11.1,13.3,17.7,1.5,1.8
USNM,498073,porcatus,Trunk Crown,Trunk Crown,Caribbean,68.2,134.3,22.2,11.8,11,9.8,8.6,9.6,11.1,13.6,18.9,1.5,1.8
USNM,498081,porcatus,Trunk Crown,Trunk Crown,Caribbean,72.6,146.8,24.7,12.7,12,10.4,9.3,9.7,12.2,14.4,19.3,1.8,2.1
MVZ,241274,porcus,Unknown,Unknown,Caribbean,146.12,160.06,44.55,22.42,26.99,18.4,19.02,21.24,24.18,25.34,32.67,2.93,3.39
USNM,527780,pulchellus,Grass Bush,Grass Bush,Caribbean,45.4,120.3,14.3,6.8,7.2,5.3,5.8,6.4,8.6,10.8,15.2,0.9,1
USNM,498097,pumilus,Unknown,Unknown,Caribbean,32.96,66.68,8.45,3.76,5.46,4.73,4.85,4.45,5.93,6.49,8.5,0.72,0.83
USNM,344815,purpurgularis,Mainland,Mainland,Mainland,55.12,115.33,15.66,7.49,9.36,9.1,8.81,10.83,13.83,15.71,21.76,1.1,1.22
USNM,563057,quaggulus,Mainland,Ground,Mainland,33,52.2,9.2,4.2,4.9,5.5,5.1,5.4,8.4,9.8,13.2,0.5,0.6
USNM,563061,quaggulus,Mainland,Ground,Mainland,35.1,53.4,9.5,3.9,5.9,5.6,5.1,5.5,8.6,10,12.5,0.5,0.6
USNM,29860,quaggulus,Mainland,Ground,Mainland,35.26,,10.08,4.23,6.01,4.74,5.61,5.63,7.81,9.73,12.15,0.47,0.55
USNM,47594,quercorum,Mainland,Mainland,Mainland,42.3,,11.4,5.2,7.5,5.7,5.2,6.1,8.4,9.7,12.6,0.9,1.1
MCZ,171143,quercorum,Mainland,Mainland,Mainland,43.02,77.31,11.43,5.39,6.91,5.41,5.81,5.92,7.54,9.99,13.6,0.9,1.13
MVZ,215215,reconditus,Trunk Ground,Trunk Ground,Caribbean,87.3,177.7,26.5,11.7,15.5,12.8,13.7,16.2,21,24.7,33.4,1.9,2.1
MVZ,215214,reconditus,Trunk Ground,Trunk Ground,Caribbean,88.5,,26.7,12.4,15.3,14.3,13.9,17.1,22.2,24.7,35.3,2,2.4
USNM,589738,rejectus,Unknown,Unknown,Caribbean,34.06,95.79,10.09,4.92,4.91,3.92,3.65,3.91,6.95,8.17,10.32,0.47,0.64
MVZ,248993,ricordii,Crown Giant,Crown Giant,Caribbean,133.68,239.5,38.36,18.74,22.18,20.51,20.69,20.71,28.07,31.75,40.35,2.53,2.95
MCZ,100353,rivalis,Mainland,Mainland,Mainland,58.36,101,13.96,5.98,8.93,7.41,9.93,9.98,16.83,17.46,21.91,1.06,1.23
MCZ,150950,roatanensis,Mainland,Mainland,Mainland,49.6,106.71,13.58,5.97,8.49,7.35,7.39,9.48,12.55,14.06,18.77,1.01,1.08
USNM,565461,roatanensis,Mainland,Mainland,Mainland,59.8,,15,6.6,9.4,8.6,8.5,9.7,13.8,16.4,20.9,1,1.3
CAS,67200,rodriguezii,Mainland,Mainland,Mainland,36.4,80.6,9.7,4.7,5.7,4.8,4.7,6.1,9.1,9.9,12.9,0.6,0.7
CAS,67201,rodriguezii,Mainland,Mainland,Mainland,39,80.2,10.1,4.9,6,5,5,6.5,9.2,10.2,12.7,0.8,0.8
USNM,578762,rubribarbaris,Mainland,Mainland,Mainland,51.7,124.9,14.5,7.6,8.9,6.8,7.2,9.5,11.2,12.5,19,1.3,1.6
MCZ,63665,rubribarbus,Trunk Ground,Trunk Ground,Caribbean,57.46,85.57,16.17,7.53,9.68,7.32,8.8,9.75,13.03,16.06,20.15,1,1.25
USNM,589713,ruibali,Unknown,Unknown,Caribbean,35.15,72.12,9.42,4.06,5.45,4.4,4.56,4.9,6.37,6.62,9.25,0.65,0.69
MVZ,241235,ruibali,Unknown,Unknown,Caribbean,39.06,65.54,10.79,4.83,6.6,5.18,4.93,5.46,7.2,7.93,10.79,0.8,0.91
MCZ,121740,rupinae,Unknown,Unknown,Caribbean,55.55,125.2,16.12,7.8,8.54,9.12,9.11,10.34,16.06,17.27,24.37,0.87,0.87
CAS,8291,sagrei,Trunk Ground,Trunk Ground,Caribbean,52.3,101,14.4,6.3,8.9,7.8,7.7,9.2,10.9,13.7,18.8,1,1.1
CAS,8290,sagrei,Trunk Ground,Trunk Ground,Caribbean,56,,14.5,6.5,8.9,7.3,7.6,9.8,11.2,14.2,20.9,1,1.3
CAS,8292,sagrei,Trunk Ground,Trunk Ground,Caribbean,62,,16.6,7.5,9.9,9.6,9.6,10.6,12.9,16.5,23.3,1.1,1.4
MCZ,38686,salvini,Mainland,Mainland,Mainland,52.54,66.99,14.41,6.87,8.6,6.39,7.15,9.11,8.7,9.86,16.48,0.97,1.16
MCZ,165523,salvini,Mainland,Mainland,Mainland,59.62,,16.81,8.3,10.45,6.89,7.26,9.36,8.39,10.17,16.99,1.32,1.47
USNM,286910,saxatilis,Trunk Ground,Trunk Ground,Caribbean,56.09,109.33,17.99,8.26,10.46,8.9,9.46,8.37,14.03,15.83,19.67,1.04,1.14
USNM,509317,schwartzi,Unknown,Unknown,Caribbean,37.79,,10.91,5.2,6.18,5.36,5.96,6.78,8.52,10.59,14.34,0.73,0.87
USNM,509321,schwartzi,Unknown,Unknown,Caribbean,39.03,84.54,11.5,5.29,6.52,6.49,6.49,6.76,9.55,10.98,15.43,0.74,0.84
USNM,81287,scriptus,Trunk Ground,Trunk Ground,Caribbean,70.39,117.69,22.21,11.25,13.28,9.92,10.52,11.6,16.94,20.31,25.19,1.68,2.15
USNM,163992,scypheus,Mainland,Ground,Mainland,58.7,118.2,15.9,7,10.3,9.9,9.6,10,16.2,17.7,24,1.1,1.1
USNM,163991,scypheus,Mainland,Ground,Mainland,66.4,125.6,17.3,8.6,10.7,11.2,12.3,13.7,16.3,20.8,28.4,1.1,1.2
USNM,283980,scypheus,Mainland,Ground,Mainland,70,161.9,17.2,7.6,11.1,12.3,13.5,13.2,20.3,21.9,29.6,1,1
USNM,74867,semilineatus,Grass Bush,Grass Bush,Caribbean,34.3,98.2,10.1,5.3,4.9,4.5,4.6,4.9,8.4,10.1,12.8,0.6,0.7
USNM,74866,semilineatus,Grass Bush,Grass Bush,Caribbean,35.9,98.2,11.2,6,5.2,5.2,4.5,5.3,7.8,9.8,13.4,0.5,0.8
USNM,147989,serranoi,Mainland,Mainland,Mainland,57.8,128.6,16.1,7.3,9.6,8.1,8.5,10.5,15.2,16.9,23.5,1,1.1
USNM,194016,sheplani,Twig,Twig,Caribbean,37.5,42.5,10.1,5.4,4.3,3.7,3.4,3.4,4.4,5.2,6.5,0.5,0.6
USNM,194015,sheplani,Twig,Twig,Caribbean,40.3,41.3,11.3,6.1,4.6,4.1,3.6,3.3,5,5.6,6.5,0.5,0.8
CAS,104082,shrevei,Trunk Ground,Trunk Ground,Caribbean,51.7,100.5,15.6,7.1,9.4,7.5,7.7,8.9,11.7,13.4,19.4,1,1.1
USNM,573160,sminthus,Mainland,Mainland,Mainland,46.4,,13,6.2,8.2,6.6,6.4,8.3,10.5,11.6,16.8,0.9,1
USNM,578768,sminthus,Mainland,Mainland,Mainland,49.7,108.4,13.4,6.5,8.4,7,6.4,8.6,11.4,12.4,17.5,1,1.1
MCZ,132371,strahmi,Trunk Ground,Trunk Ground,Caribbean,78.04,146.9,23.3,10.57,13.61,13.43,14.29,12.61,20.64,23.83,26.85,1.72,2.34
CAS,166559,stratulus,Trunk Crown,Trunk Crown,Caribbean,44.1,71.2,13.2,6.5,7.4,6.1,6.3,7,8.7,10.1,13.3,0.9,1.2
USNM,133738,subocularis,Mainland,Mainland,Mainland,43.9,,11.9,6,7.5,6.1,7.8,7.1,10.4,12,15.8,0.8,0.8
USNM,133731,subocularis,Mainland,Mainland,Mainland,45.2,84.7,14,5.6,8,5.9,7.6,7.6,11.2,13,17.2,0.7,0.8
USNM,538278,tandai,Mainland,Ground,Mainland,53.3,98.2,13.6,6,8.7,9.1,9.4,9.2,15.5,16,20.6,0.9,1
USNM,345301,tandai,Mainland,Ground,Mainland,56.37,109.49,14.63,6.19,9.22,10.49,10.34,10.21,17.4,18.32,22.48,0.98,1.07
USNM,132359,taylori,Mainland,Mainland,Mainland,60.3,102.2,15.6,7.8,9.4,9.1,10.6,11.2,14.6,15.5,20.4,1.2,1.3
MVZ,191599,taylori,Mainland,Mainland,Mainland,70.82,133.2,17.92,7.95,10.87,9.26,10.91,11.38,16.92,17.08,23.23,1.43,1.85
CAS,144597,taylori,Mainland,Mainland,Mainland,77.8,153.7,18.8,8.5,11,10.6,12.4,12.5,17.3,19.7,25.6,1.6,1.9
USNM,120755,tolimensis,Mainland,Mainland,Mainland,47.4,91.4,12.3,6.1,7.4,6.1,6.4,8.4,11.3,11.3,15.8,0.9,1
USNM,153791,townsendi,Mainland,Mainland,Mainland,46,81.4,12.4,5.9,7,6,6.8,8.3,10.7,12.9,17.6,0.8,0.9
USNM,153789,townsendi,Mainland,Mainland,Mainland,46.5,77.9,12.3,6.1,7,6.2,7.1,8.2,10.6,12.3,17.6,0.9,1.1
USNM,538316,trachyderma,Mainland,Ground,Mainland,43.9,84.3,10.3,4.2,6,6.1,6.1,7.4,11.6,13.1,17.6,0.7,0.8
USNM,538312,trachyderma,Mainland,Ground,Mainland,47.3,94.4,10.8,5,6.1,6.8,7.4,7.8,12.3,12.9,18.2,0.7,0.9
USNM,75442,tropidolepis,Mainland,Mainland,Mainland,41.9,88.2,11.4,4.9,7.6,6.4,6.6,8.4,12.1,13.3,17.5,0.7,0.9
MVZ,206356,tropidolepis,Mainland,Mainland,Mainland,47.45,93.65,12.2,5.29,7.51,6.79,7.04,9.4,11.8,12.93,18.55,0.79,0.88
MVZ,204061,tropidolepis,Mainland,Mainland,Mainland,49.78,,12.21,5.42,7.69,6.85,6.54,9.14,11.91,13.95,20.48,0.88,1.08
USNM,326160,uniformis,Mainland,Ground,Mainland,36,58.9,10.9,4.8,6.8,6,5.5,6.5,9.6,10.9,13.7,0.5,0.8
USNM,326158,uniformis,Mainland,Ground,Mainland,36.6,,10.7,4.7,6.5,5.3,5.4,6.2,9.3,10.7,13.2,0.6,0.7
USNM,326159,uniformis,Mainland,Ground,Mainland,37.4,,11,4.9,6.4,5.7,5.6,5.5,9.9,11.4,13.9,0.6,0.8
USNM,580306,unilobatus,Mainland,Mainland,Mainland,36.2,89,9.8,4.4,5.7,4.9,5.1,5.6,7.8,8.6,12.1,0.6,0.8
USNM,30153,unilobatus,Mainland,Mainland,Mainland,44.5,86.3,12,6.7,7.1,6.2,7,6.3,9.7,11.5,14.1,0.7,0.9
USNM,244571,valencienni,Twig,Twig,Caribbean,65.5,82.5,18.6,9.1,10.1,8.3,7.2,8,9.9,11.1,14.4,1.2,1.4
USNM,498116,vanidicus,Grass Bush,Grass Bush,Caribbean,34.92,88.06,10.29,5.22,4.48,4.53,4.05,4.01,8.2,8.93,10.27,0.55,0.7
USNM,498121,vanidicus,Grass Bush,Grass Bush,Caribbean,37.89,109.75,10.76,5.54,4.99,4.4,4.23,3.93,7.75,8.51,10.58,0.63,0.8
MCZ,150233,villai,Mainland,Mainland,Mainland,38.6,72.43,10.32,4.49,6.59,6.68,6.72,6.99,9.81,10.4,15.66,0.66,0.7
USNM,50150,vittigerus,Mainland,Mainland,Mainland,62.8,,16.2,7.7,9.8,8.5,8.9,11.1,14.6,16.8,22.5,1.2,1.3
USNM,141813,vittigerus,Mainland,Mainland,Mainland,63,161.4,15.7,6.6,10.3,8.2,8.4,11.6,14.3,16.4,22.7,1.1,1.4
USNM,539197,wampuensis,Mainland,Mainland,Mainland,47.51,81.84,12.81,5.7,8.12,7.39,7.75,8.68,11.82,14.38,20.3,0.69,0.89
USNM,321756,wattsi,Unknown,Unknown,Caribbean,48.27,100.15,14.15,6.19,7.94,7.36,7.2,8.88,11.63,12.97,17.65,0.93,1.12
USNM,239399,websteri,Trunk,Trunk,Caribbean,42.9,,11.3,5.4,7.8,6.6,7.7,7.5,9.7,11.1,14.3,0.9,1.1
MCZ,132390,websteri,Trunk,Trunk,Caribbean,47.87,67.29,12.89,5.99,8.7,8.01,8.53,8.44,10.57,12.21,14.63,1.19,1.42
USNM,580727,wellbornae,Mainland,Mainland,Mainland,48.3,108.1,12.7,5.9,7.2,5.7,6.5,6.9,9.7,11.1,14,0.8,1
USNM,165357,wermuthi,Mainland,Mainland,Mainland,46.58,99.67,12.58,6.01,7.73,6.22,6.73,8.74,10.75,11.6,17.35,0.91,1.02
USNM,531983,wermuthi,Mainland,Mainland,Mainland,49.02,117.81,13.13,6.54,7.95,6.86,7.08,9.99,11.22,12.95,19.66,1.09,1.08
MCZ,171132,woodi,Mainland,Mainland,Mainland,77.44,177.8,19.54,9.79,11.89,12.03,12.15,13.74,20.17,20.57,28.62,1.21,1.52
MVZ,149860,woodi,Mainland,Mainland,Mainland,81.09,,20.7,9.61,12.41,11.29,12.27,13.54,20.82,21.7,29.95,1.44,1.49
USNM,541012,yoroensis,Mainland,Mainland,Mainland,39.6,80,10.7,4.5,6.6,5.2,5.9,6,9.5,10.7,14.2,0.6,0.8
USNM,541019,yoroensis,Mainland,Mainland,Mainland,40.6,,11.2,5.1,7,5.8,6.2,7,10.2,12,15,0.7,1
USNM,565488,zeus,Mainland,Mainland,Mainland,38.3,87.2,10,4.7,5.9,5.7,5.7,5.5,10.2,11.7,15,0.6,0.8